EMPRESA;POSSUI COVENANT;DIVULGOU;ANO;Debenture ou emprestimo e financiamento;TIPO;Limite;Violou?;
Aeris Industria e Comercio de Equipamentos para Geracao de Energia AS;SIM;NÃO;2019;;;;;
Aeris Industria e Comercio de Equipamentos para Geracao de Energia AS;SIM;NÃO;2020;;;;;
Aeris Industria e Comercio de Equipamentos para Geracao de Energia AS;SIM;NÃO;2021;;;;;
Aeris Industria e Comercio de Equipamentos para Geracao de Energia AS;SIM;NÃO;2022;;;;;
Aeris Industria e Comercio de Equipamentos para Geracao de Energia AS;SIM;SIM;2023;Debenture ;Endividamento liquido/EBITDA ;menor ou igual a 3,5;NÃO;
AES Brasil Energia;SIM;SIM;2021;Debenture ou emprestimo ou financiamento;Dívida liquida/EBITDA ;menor ou igual a 4,5;NÃO;
AES Brasil Energia;SIM;SIM;2021;Debenture ou emprestimo ou financiamento;EBITDA ajustado/ despesa financeira;maior ou igual a 1,25;NÃO;
AES Brasil Energia;SIM;SIM;2021;Debenture ou emprestimo ou financiamento;ICSD (indice de cobertura do serviço da divida);maior ou igual a 1,2;NÃO;
AES Brasil Energia;SIM;SIM;2021;Debenture ou emprestimo ou financiamento;ICSD (indice de cobertura do serviço da divida);maior ou igual a 1,3;NÃO;
AES Brasil Energia;SIM;SIM;2022;Debenture ;Dívida liquida/EBITDA ajustado;menor ou igual a 4,5;NÃO;
AES Brasil Energia;SIM;SIM;2022;Debenture ;EBITDA ajustado/ despesa financeira;maior ou igual a 1,25;NÃO;
AES Brasil Energia;SIM;SIM;2022;Debenture ;ICSD (indice de cobertura do serviço da divida);maior ou igual a 1,2;NÃO;
AES Brasil Energia;SIM;SIM;2022;Debenture ;Dívida liquida/EBITDA ajustado;menor ou igual a 4,5;NÃO;
AES Brasil Energia;SIM;SIM;2022;Debenture ;EBITDA ajustado/ despesa financeira;maior ou igual a 1,25;NÃO;
AES Brasil Energia;SIM;SIM;2022;Debenture ;Dívida liquida/EBITDA ajustado;menor ou igual a 4,5;NÃO;
AES Brasil Energia;SIM;SIM;2022;Debenture ;EBITDA ajustado/ despesa financeira;maior ou igual a 1,25;NÃO;
AES Brasil Energia;SIM;SIM;2022;empréstimo e financiamento;EBITDA ajustado/ despesa financeira;maior ou igual a 1,25;NÃO;
AES Brasil Energia;SIM;SIM;2022;empréstimo e financiamento;EBITDA ajustado/ despesa financeira;maior ou igual a 1,25;NÃO;
AES Brasil Energia;SIM;SIM;2022;empréstimo e financiamento;Dívida liquida/EBITDA ajustado;menor ou igual a 4,5;NÃO;
AES Brasil Energia;SIM;SIM;2022;Debenture ;ICSD (indice de cobertura do serviço da divida);maior ou igual a 1,3;NÃO;
AES Brasil Energia;SIM;SIM;2022;empréstimo e financiamento;ICSD (indice de cobertura do serviço da divida);maior ou igual a 1,3;NÃO;
AES Brasil Energia;SIM;SIM;2022;empréstimo e financiamento;ICSD (indice de cobertura do serviço da divida);maior ou igual a 1,3;NÃO;
AES Brasil Energia;SIM;SIM;2022;empréstimo e financiamento;ICSD (indice de cobertura do serviço da divida);maior ou igual a 1,3;NÃO;
AES Brasil Energia;SIM;SIM;2023;Debenture ;EBITDA ajustado/ despesa financeira;maior ou igual a 1,25;NÃO;
AES Brasil Energia;SIM;SIM;2023;Debenture ;ICSD (indice de cobertura do serviço da divida);maior ou igual a 1,2;NÃO;
AES Brasil Energia;SIM;SIM;2023;Debenture ;Dívida liquida/EBITDA ajustado;menor ou igual a 4,5;NÃO;
AES Brasil Energia;SIM;SIM;2023;Debenture ;EBITDA ajustado/ despesa financeira;maior ou igual a 1,25;NÃO;
AES Brasil Energia;SIM;SIM;2023;Debenture ;Dívida liquida/EBITDA ajustado;menor ou igual a 4,5;NÃO;
AES Brasil Energia;SIM;SIM;2023;Debenture ;EBITDA ajustado/ despesa financeira;maior ou igual a 1,25;NÃO;
AES Brasil Energia;SIM;SIM;2023;empréstimo e financiamento;EBITDA ajustado/ despesa financeira;maior ou igual a 1,25;NÃO;
AES Brasil Energia;SIM;SIM;2023;empréstimo e financiamento;EBITDA ajustado/ despesa financeira;maior ou igual a 1,25;NÃO;
AES Brasil Energia;SIM;SIM;2023;empréstimo e financiamento;Dívida liquida/EBITDA ajustado;menor ou igual a 4,5;NÃO;
AES Brasil Energia;SIM;SIM;2023;Debenture ;ICSD (indice de cobertura do serviço da divida);maior ou igual a 1,3;NÃO;
AES Brasil Energia;SIM;SIM;2023;empréstimo e financiamento;ICSD (indice de cobertura do serviço da divida);maior ou igual a 1,3;NÃO;
AES Brasil Energia;SIM;SIM;2023;empréstimo e financiamento;ICSD (indice de cobertura do serviço da divida);maior ou igual a 1,3;NÃO;
AES Brasil Energia;SIM;SIM;2023;empréstimo e financiamento;ICSD (indice de cobertura do serviço da divida);maior ou igual a 1,3;NÃO;
AES Brasil Energia;SIM;SIM;2023;empréstimo e financiamento;ICSD (indice de cobertura do serviço da divida);maior ou igual a 1,3;NÃO;
Agro Trends Participações S.A.;SIM;SIM;2021;empréstimo e financiamento;índice de liquidez corrente;maior ou igual a 1;NÃO;
Agro Trends Participações S.A.;SIM;SIM;2021;empréstimo e financiamento;endividamento líquido/EBITDA;menor ou igual a 3;NÃO;
Agro Trends Participações S.A.;SIM;SIM;2022;empréstimo e financiamento;índice de liquidez corrente;maior ou igual a 1;NÃO;
Agro Trends Participações S.A.;SIM;SIM;2022;empréstimo e financiamento;endividamento líquido/EBITDA;menor ou igual a 3;NÃO;
Agro Trends Participações S.A.;SIM;SIM;2023;empréstimo e financiamento;índice de liquidez corrente;maior ou igual a 1;SIM;
Agro Trends Participações S.A.;SIM;SIM;2023;empréstimo e financiamento;endividamento líquido/EBITDA;menor ou igual a 3;SIM;
Allianca Saude e Participacoes SA;SIM;NÃO;2015;;;;;
Allianca Saude e Participacoes SA;SIM;NÃO;2016;;;;;
Allianca Saude e Participacoes SA;SIM;SIM;2017;empréstimo e financiamento;índice de liquidez corrente (ativo circulante / passivo circulante);maior ou igual a 1,1;SIM;
Allianca Saude e Participacoes SA;SIM;SIM;2017;empréstimo e financiamento;dívida total sobre EBITDA ;menor ou igual a 3;NÃO;
Allianca Saude e Participacoes SA;SIM;SIM;2017;empréstimo e financiamento;ICSD (indice de cobertura do serviço da divida);maior ou igual a 1,3;NÃO;
Allianca Saude e Participacoes SA;SIM;NÃO;2018;;;;;
Allianca Saude e Participacoes SA;SIM;NÃO;2019;;;;;
Allianca Saude e Participacoes SA;SIM;NÃO;2020;;;;;
Allianca Saude e Participacoes SA;SIM;NÃO;2021;;;;;
Allianca Saude e Participacoes SA;SIM;NÃO;2022;;;;;
Allianca Saude e Participacoes SA;SIM;NÃO;2023;;;;;
Allied Tecnologia SA;SIM;SIM;2022;Debenture ;Dívida Líquida/EBTIDA;menor ou igual a 2,5;NÃO;
Allied Tecnologia SA;SIM;SIM;2022;Debenture ;Dívida Líquida/EBTIDA;menor ou igual a 2,5;NÃO;
Allied Tecnologia SA;SIM;SIM;2023;Debenture ;Dívida Líquida/EBTIDA;menor ou igual a 2,5;NÃO;
Allied Tecnologia SA;SIM;SIM;2023;Debenture ;Dívida Líquida/EBTIDA;menor ou igual a 2,5;NÃO;
Allied Tecnologia SA;SIM;SIM;2023;Debenture ;Dívida Líquida/EBTIDA;menor ou igual a 2,5;NÃO;
Allos SA;SIM;SIM;2012;Debenture ;Dívida Líquida/EBTIDA;menor ou igual a 3,5;NÃO;
Allos SA;SIM;SIM;2012;Debenture ;EBITDA/ despesa financeira líquida;maior ou igual a 1,75;NÃO;
Allos SA;SIM;SIM;2013;Debenture ;Dívida Líquida/EBTIDA;menor ou igual a 3,5;NÃO;
Allos SA;SIM;SIM;2013;Debenture ;EBITDA/ despesa financeira líquida;maior ou igual a 1,75;NÃO;
Allos SA;SIM;SIM;2014;Debenture ;Dívida Líquida/EBTIDA;menor ou igual a 3,5;NÃO;
Allos SA;SIM;SIM;2014;Debenture ;EBITDA/ despesa financeira líquida;maior ou igual a 1,75;NÃO;
Allos SA;SIM;SIM;2015;Debenture ;Dívida Líquida/EBTIDA;menor ou igual a 3,5;NÃO;
Allos SA;SIM;SIM;2015;Debenture ;EBITDA/ despesa financeira líquida;maior ou igual a 1,75;NÃO;
Allos SA;SIM;SIM;2016;Debenture ;Dívida Líquida/EBTIDA;menor ou igual a 3,5;NÃO;
Allos SA;SIM;SIM;2016;Debenture;EBITDA/ despesa financeira líquida;maior ou igual a 1,75;NÃO;
Allos SA;SIM;SIM;2017;Debenture ;Dívida Líquida/EBTIDA;menor ou igual a 3,5;NÃO;
Allos SA;SIM;SIM;2017;Debenture;EBITDA/ despesa financeira líquida;maior ou igual a 1,75;NÃO;
Allos SA;NÃO;NÃO;2018;;;;;
Allos SA;SIM;SIM;2019;Debenture ;Dívida Líquida/EBTIDA;menor ou igual a 3,5;;
Allos SA;SIM;SIM;2019;Debenture ;EBITDA/ despesa financeira líquida;maior ou igual a 1,75;;
Allos SA;SIM;SIM;2020;Debenture ;Dívida Líquida/EBTIDA;menor ou igual a 3,5;;
Allos SA;SIM;SIM;2020;Debenture ;EBITDA/ despesa financeira líquida;maior ou igual a 1,75;;
Allos SA;SIM;SIM;2021;Debenture ;Dívida Líquida/EBTIDA;menor ou igual a 3,5;;
Allos SA;SIM;SIM;2022;Debenture ;EBITDA/ despesa financeira líquida;maior ou igual a 1,75;;
Allos SA;SIM;SIM;2022;Debenture ;Dívida Líquida/EBTIDA Ajustado;menor ou igual a 3,6;;
Allos SA;SIM;SIM;2022;Debenture ;EBITDA/ despesa financeira líquida;maior ou igual a 1,76;;
Allos SA;SIM;SIM;2022;Debenture ;Ativo circulante ;;;
Allos SA;SIM;SIM;2023;Empréstimos e financiamento;Dívida Líquida/EBTIDA ajustado;menor ou igual a 3,5;;
Allos SA;SIM;SIM;2023;Empréstimos e financiamento;Ativo circulante/ EBITIDA ajustado;maior ou igual a 1,3;;
Allos SA;SIM;SIM;2023;Empréstimos e financiamento;EBITDA/ despesa financeira líquida;maior ou igual a 1,5;;
Allpark Empreendimentos Participacoes e Servicos;SIM;SIM;2019;Debenture ;Dívida líquida / EBITIDA ajustado;menor ou igual a 3;NÃO;
Allpark Empreendimentos Participacoes e Servicos;SIM;SIM;2019;Debenture ;Dívida líquida / Patrimônio líquido;menor ou igual a 3;NÃO;
Allpark Empreendimentos Participacoes e Servicos;SIM;SIM;2019;Debenture ;EBITDA ajustado / Despesa financeira;maior ou igual a 1;NÃO;
Allpark Empreendimentos Participacoes e Servicos;SIM;SIM;2020;Debenture ; Dívida líquida / EBITDA ajustado;menor ou igual a 3;NÃO;
Allpark Empreendimentos Participacoes e Servicos;SIM;SIM;2020;Debenture ;Dívida líquida / Patrimônio líquido;menor ou igual a 3;NÃO;
Allpark Empreendimentos Participacoes e Servicos;SIM;SIM;2020;Debenture ;EBITDA ajustado / Despesa financeira;maior ou igual a 1;NÃO;
Allpark Empreendimentos Participacoes e Servicos;SIM;SIM;2021;Debenture ;Dívida líquida / EBITDA  ajustado;menor ou igual a 4,5;NÃO;
Allpark Empreendimentos Participacoes e Servicos;SIM;SIM;2021;Debenture ;Dívida líquida / Patrimônio líquido ;menor ou igual a 3;NÃO;
Allpark Empreendimentos Participacoes e Servicos;SIM;SIM;2021;Debenture ;EBITDA  ajustado / Despesa financeira ;maior ou igual a 1;NÃO;
Allpark Empreendimentos Participacoes e Servicos;SIM;SIM;2022;Debenture ;Dívida líquida / EBITDA;menor ou igual a 3,5;;
Allpark Empreendimentos Participacoes e Servicos;SIM;SIM;2022;Debenture ;Dívida líquida / EBITDA;menor ou igual a 3;;
Allpark Empreendimentos Participacoes e Servicos;SIM;SIM;2022;Debenture ;Dívida líquida / EBITDA;maior ou igual a 1;;
Allpark Empreendimentos Participacoes e Servicos;SIM;SIM;2023;Debenture ;;;;
Alpargatas;NÃO;NÃO;2010;;;;;
Alpargatas;NÃO;NÃO;2011;;;;;
Alpargatas;NÃO;NÃO;2012;;;;;
Alpargatas;NÃO;NÃO;2013;;;;;
Alpargatas;NÃO;NÃO;2014;;;;;
Alpargatas;NÃO;NÃO;2015;;;;;
Alpargatas;SIM;NÃO;2016;;;;;
Alpargatas;SIM;NÃO;2017;;;;;
Alpargatas;SIM;NÃO;2018;;;;;
Alpargatas;SIM;NÃO;2019;;;;;
Alpargatas;SIM;NÃO;2020;;;;;
Alpargatas;SIM;SIM;2021;Debenture ;Dívida líquida / EBITDA;menor ou igual a 3;NÃO;
Alpargatas;SIM;SIM;2022;Debenture ;Dívida líquida / EBITDA;menor ou igual a 3;NÃO;
Alpargatas;SIM;SIM;2023;Debenture ;Dívida líquida / EBITDA;menor ou igual a 3;NÃO;
Alper Consultoria e Corretora de Seguros;NÃO;NÃO;2023;;;;;
Alphaville;SIM;NÃO;2019;;;;NÃO;
Alphaville;SIM;NÃO;2020;;;;NÃO;
Alphaville;SIM;NÃO;2021;;;;NÃO;
Alphaville;SIM;NÃO;2022;;;;NÃO;
Alphaville;SIM;NÃO;2023;;;;;
Alupar Investimento;SIM;NÃO;2010;;;;;
Alupar Investimento;SIM;NÃO;2011;;;;;
Alupar Investimento;SIM;NÃO;2012;;;;;
Alupar Investimento;SIM;NÃO;2013;;;;;
Alupar Investimento;SIM;NÃO;2014;;;;;
Alupar Investimento;SIM;NÃO;2015;;;;;
Alupar Investimento;SIM;NÃO;2016;;;;NÃO;
Alupar Investimento;SIM;NÃO;2017;;;;NÃO;
Alupar Investimento;SIM;NÃO;2018;;;;NÃO;
Alupar Investimento;SIM;NÃO;2019;;;;NÃO;
Alupar Investimento;SIM;NÃO;2020;;;;NÃO;
Alupar Investimento;SIM;NÃO;2021;;;;NÃO;
Alupar Investimento;SIM;NÃO;2022;Debenture ;Dívida Líquida / (Dividendos + JCP Recebidos + EBITDA) e (Dividendos + JCP Recebidos + EBITDA) / Despesa Financeira Liquida;;NÃO;
Alupar Investimento;SIM;NÃO;2022;Debenture ;"Dívida Líquida / EBITDA Ajustado; EBITDA Ajustado / Despesa Financeira Liquida e Dívida Bruta / (Dívida Bruta + Patrimônio Líquido + Participação de Acionistas não Controladores";;NÃO;
Alupar Investimento;SIM;NÃO;2023;Empréstimos e financiamento;Dívida líquida/EBITDA;menor ou igual a 3,75;NÃO;
Alupar Investimento;SIM;NÃO;2023;Empréstimos e financiamento;Dívida líquida/EBITDA;menor ou igual a 3,75;NÃO;
Alupar Investimento;SIM;NÃO;2023;Empréstimos e financiamento;ICSD (indice de cobertura do serviço da divida);maior ou igual a 1,10;NÃO;
Alupar Investimento;SIM;NÃO;2023;Empréstimos e financiamento;ICSD (indice de cobertura do serviço da divida);maior ou igual a 1,10;NÃO;
Alupar Investimento;SIM;NÃO;2023;Empréstimos e financiamento;Dívida líquida:PL;menor ou igual a 85:15;NÃO;
Alupar Investimento;SIM;NÃO;2023;Empréstimos e financiamento;Dívida líquida/EBITDA;;NÃO;
Alupar Investimento;SIM;NÃO;2023;Empréstimos e financiamento;ICSD (indice de cobertura do serviço da divida);maior ou igual a 1,15;NÃO;
Alupar Investimento;SIM;NÃO;2023;Debenture ;Dívida líquida/EBITDA;menor ou igual a 4,5;NÃO;
Alupar Investimento;SIM;NÃO;2023;Debenture ;ICSD (indice de cobertura do serviço da divida);maior ou igual a 1,2;NÃO;
Alupar Investimento;SIM;NÃO;2023;Debenture ;Dívida líquida;menor ou igual a 1,9 bi;NÃO;
Alupar Investimento;SIM;NÃO;2023;Debenture ;Dívida líquida;menor ou igual a 1,9 bi;NÃO;
Alupar Investimento;SIM;NÃO;2023;Debenture ;Dívida líquida;menor ou igual a 338 mi;NÃO;
Alupar Investimento;SIM;NÃO;2023;Debenture ;Dívida líquida;menor ou igual a 840 mi;NÃO;
Alupar Investimento;SIM;NÃO;2023;Debenture ;Dívida líquida;menor ou igual a 285 mi;NÃO;
Alupar Investimento;SIM;NÃO;2023;Debenture ;ICSD (indice de cobertura do serviço da divida);maior ou igual a 1,15;NÃO;
Alupar Investimento;SIM;NÃO;2023;Debenture ;ICP;maior ou igual a 20%;NÃO;
Alupar Investimento;SIM;NÃO;2023;Debenture ;Dívida líquida;menor ou igual a 285 mi;NÃO;
Alupar Investimento;SIM;NÃO;2023;Debenture ;Dívida líquida;menor ou igual a 50 mi;NÃO;
Alupar Investimento;SIM;NÃO;2023;Debenture ;Dívida líquida/EBITDA;menor ou igual a 3,75;NÃO;
Alupar Investimento;SIM;NÃO;2023;Debenture ;Dívida líquida/EBITDA;menor ou igual a 2,5;NÃO;
Alupar Investimento;SIM;NÃO;2023;Debenture ;Dívida líquida;maior ou igual a 41 mi;NÃO;
Alupar Investimento;SIM;NÃO;2023;Debenture ;Dívida líquida/EBITDA;menor ou igual a 3,75;NÃO;
Alupar Investimento;SIM;NÃO;2023;Debenture ;Dívida líquida/EBITDA;menor ou igual a 2,5;NÃO;
Alupar Investimento;SIM;NÃO;2023;Debenture ;Dívida líquida/EBITDA;menor ou igual a 3,75;NÃO;
Alupar Investimento;SIM;NÃO;2023;Debenture ;Dívida líquida/EBITDA;menor ou igual a 2,5;NÃO;
Alupar Investimento;SIM;NÃO;2023;Debenture ;Dívida líquida/EBITDA;menor ou igual a 3,75;NÃO;
Alupar Investimento;SIM;NÃO;2023;Debenture ;Dívida líquida/EBITDA;menor ou igual a 3,75;NÃO;
Alupar Investimento;SIM;NÃO;2023;Debenture ;ICSD (indice de cobertura do serviço da divida);maior ou igual a 1,10;NÃO;
Alupar Investimento;SIM;NÃO;2023;Debenture ;Dívida líquida;menor ou igual a 1,9 bi;NÃO;
Alupar Investimento;SIM;NÃO;2023;Debenture ;Dívida líquida;menor ou igual a 338 mi;NÃO;
Alupar Investimento;SIM;NÃO;2023;Debenture ;Dívida líquida;menor ou igual a 285 mi;NÃO;
Alupar Investimento;SIM;NÃO;2023;Debenture ;Dívida líquida;menor ou igual a 164 mi;NÃO;
Alupar Investimento;SIM;NÃO;2023;Debenture ;Dívida líquida;menor ou igual a 225 mi;NÃO;
Alupar Investimento;SIM;NÃO;2023;Debenture ;Dívida líquida/EBITDA;menor ou igual a 4,5;NÃO;
Alupar Investimento;SIM;NÃO;2023;Debenture ;Dívida líquida/EBITDA;menor ou igual a 3,75;NÃO;
Alupar Investimento;SIM;NÃO;2023;Debenture ;Dívida líquida/EBITDA;menor ou igual a 3,75;NÃO;
Alupar Investimento;SIM;NÃO;2023;Debenture ;Dívida líquida/EBITDA;menor ou igual a 4,5;NÃO;
Alupar Investimento;SIM;NÃO;2023;Debenture ;ICSD (indice de cobertura do serviço da divida);maior ou igual a 1,20;NÃO;
Alupar Investimento;SIM;NÃO;2023;Debenture ;Dívida líquida/EBITDA;menor ou igual a 4,5;NÃO;
Alupar Investimento;SIM;NÃO;2023;Debenture ;Dívida líquida/EBITDA;menor ou igual a 4,5;NÃO;
Alupar Investimento;SIM;NÃO;2023;Debenture ;Dívida líquida;menor ou igual a 1,9 bi;NÃO;
Alupar Investimento;SIM;NÃO;2023;Debenture ;Dívida líquida;menor ou igual a 225 mi;NÃO;
Alupar Investimento;SIM;NÃO;2023;Debenture ;Dívida líquida;menor ou igual a 285 mi;NÃO;
Alupar Investimento;SIM;NÃO;2023;Debenture ;Dívida líquida;menor ou igual a 338 mi;NÃO;
Alupar Investimento;SIM;NÃO;2023;Debenture ;Dívida líquida;menor ou igual a 840 mi;NÃO;
Alupar Investimento;SIM;NÃO;2023;Debenture ;Dívida líquida/EBITDA;menor ou igual a 4,5;NÃO;
Alupar Investimento;SIM;NÃO;2023;Debenture ;Dívida líquida;menor ou igual a 1,9 bi;NÃO;
Alupar Investimento;SIM;NÃO;2023;Debenture ;Dívida líquida;menor ou igual a 840 mi;NÃO;
Alupar Investimento;SIM;NÃO;2023;Debenture ;Dívida líquida/EBITDA;menor ou igual a 4,5;NÃO;
Ambev;SIM;NÃO;2013;;;;NÃO;
Ambev;SIM;NÃO;2014;;;;NÃO;
Ambev;SIM;NÃO;2015;;;;NÃO;
Ambev;SIM;NÃO;2018;;;;NÃO;
Ambev;SIM;NÃO;2019;;;;NÃO;
Ambev;SIM;NÃO;2020;;;;NÃO;
Ambev;SIM;NÃO;2021;;;;NÃO;
Ambev;SIM;NÃO;2022;;;;NÃO;
Ambev;SIM;NÃO;2023;;;;NÃO;
Ambipar Participacoes e Empreendimentos;SIM;NÃO;2019;;;;;
Ambipar Participacoes e Empreendimentos;SIM;NÃO;2021;;;;;
Ambipar Participacoes e Empreendimentos;SIM;NÃO;2022;;;;;
Ambipar Participacoes e Empreendimentos;SIM;NÃO;2023;;;;;
Americanas SA - Em Recuperacao Judicial;SIM;NÃO;2010;;;;NÃO;
Americanas SA - Em Recuperacao Judicial;SIM;NÃO;2011;;;;NÃO;
Americanas SA - Em Recuperacao Judicial;SIM;SIM;2012;Debenture ;Dívida líquida / EBITDA ;menor ou igual a 3,5;NÃO;
Americanas SA - Em Recuperacao Judicial;SIM;SIM;2013;Debenture ;Dívida líquida / EBITDA;menor ou igual a 3,5;NÃO;
Americanas SA - Em Recuperacao Judicial;SIM;SIM;2014;Debenture ;Dívida líquida / EBITDA;menor ou igual a 3,5;NÃO;
Americanas SA - Em Recuperacao Judicial;SIM;SIM;2015;Debenture ;Dívida líquida / EBITDA;menor ou igual a 3,5;NÃO;
Americanas SA - Em Recuperacao Judicial;SIM;NÃO;2016;;;;NÃO;
Americanas SA - Em Recuperacao Judicial;SIM;NÃO;2017;;;;NÃO;
Americanas SA - Em Recuperacao Judicial;SIM;NÃO;2020;;;;NÃO;
Americanas SA - Em Recuperacao Judicial;SIM;SIM;2021;Debenture ;Dívida líquida / EBITDA;menor ou igual a 3,5;NÃO;
Americanas SA - Em Recuperacao Judicial;SIM;SIM;2022;Debenture ;Dívida líquida / EBITDA;menor ou igual a 3,5;SIM;
Americanas SA - Em Recuperacao Judicial;SIM;SIM;2023;Debenture ;Dívida líquida / EBITDA;menor ou igual a 3,5;SIM;
Ampla Energia e Servicos;SIM;NÃO;2010;;;;NÃO;
Ampla Energia e Servicos;SIM;NÃO;2011;;;;NÃO;
Ampla Energia e Servicos;SIM;NÃO;2012;;;;NÃO;
Ampla Energia e Servicos;SIM;NÃO;2013;;;;NÃO;
Ampla Energia e Servicos;SIM;SIM;2015;empréstimo e financiamento;Dívida líquida / EBITDA;maior ou igual a 3,75;NÃO;
Ampla Energia e Servicos;SIM;SIM;2015;empréstimo e financiamento;EBITDA / despesas financeiras;menor ou igual a 1,75;NÃO;
Ampla Energia e Servicos;SIM;SIM;2015;empréstimo e financiamento;Divida financeiras /(Dividas financeiras liquidas + patrimônio Liquido);menor ou igual a 0,60;NÃO;
Ampla Energia e Servicos;SIM;SIM;2022;empréstimo e financiamento;ndividamento Bancário Líquido / LAJIDA;maior ou igual a 3,50;NÃO;
Ampla Energia e Servicos;SIM;SIM;2022;empréstimo e financiamento;ndividamento Bancário Líquido / (PL + Endividamento Bancário Líquido);maior ou igual a 0,60;NÃO;
Ampla Energia e Servicos;SIM;NÃO;2023;;;;NÃO;
Anima Holding;SIM;SIM;2014;empréstimo e financiamento; Liquidez corrente;maior ou igual a 1,0;NÃO;
Anima Holding;SIM;SIM;2014;empréstimo e financiamento;Dívida financeira líquida/EBITDA;menor ou igual a 2,75;NÃO;
Anima Holding;SIM;SIM;2014;empréstimo e financiamento;EBITDA/Despesa financeira líquida ;maior ou igual a 1,3;NÃO;
Anima Holding;SIM;SIM;2015;empréstimo e financiamento; Liquidez corrente;maior ou igual a 1,0;NÃO;
Anima Holding;SIM;SIM;2015;empréstimo e financiamento;Dívida financeira líquida/EBITDA;menor ou igual a 2,50;NÃO;
Anima Holding;SIM;SIM;2015;empréstimo e financiamento;EBITDA/Despesa financeira líquida ;maior ou igual a 1,3;NÃO;
Anima Holding;SIM;SIM;2016;empréstimo e financiamento; Liquidez corrente;maior ou igual a 1,2;NÃO;
Anima Holding;SIM;SIM;2016;empréstimo e financiamento;Dívida financeira líquida/EBITDA;menor ou igual a 3,0;NÃO;
Anima Holding;SIM;SIM;2016;empréstimo e financiamento;EBITDA/Despesa financeira líquida ;maior ou igual a 1,3;NÃO;
Anima Holding;SIM;SIM;2017;empréstimo e financiamento; Liquidez corrente;maior ou igual a 1,2;NÃO;
Anima Holding;SIM;SIM;2017;empréstimo e financiamento;Dívida financeira líquida/EBITDA;menor ou igual a 2,75;NÃO;
Anima Holding;SIM;SIM;2017;empréstimo e financiamento;EBITDA/Despesa financeira líquida ;maior ou igual a 1,3;NÃO;
Anima Holding;SIM;SIM;2018;empréstimo e financiamento; Liquidez corrente;maior ou igual a 1,2;NÃO;
Anima Holding;SIM;SIM;2018;empréstimo e financiamento;Dívida financeira líquida/EBITDA;menor ou igual a 2,75;NÃO;
Anima Holding;SIM;SIM;2018;empréstimo e financiamento;EBITDA/Despesa financeira líquida ;maior ou igual a 1,3;NÃO;
Anima Holding;SIM;SIM;2019;empréstimo e financiamento; Liquidez corrente;maior ou igual a 1,2;NÃO;
Anima Holding;SIM;SIM;2019;empréstimo e financiamento;Dívida financeira líquida/EBITDA;menor ou igual a 2,75;NÃO;
Anima Holding;SIM;SIM;2019;empréstimo e financiamento;EBITDA/Despesa financeira líquida ;maior ou igual a 1,3;NÃO;
Anima Holding;SIM;SIM;2020;empréstimo e financiamento; Liquidez corrente;maior ou igual a 1,0;NÃO;
Anima Holding;SIM;SIM;2020;empréstimo e financiamento;Dívida financeira líquida/EBITDA;menor ou igual a 3,0;NÃO;
Anima Holding;SIM;SIM;2020;empréstimo e financiamento;EBITDA/Despesa financeira líquida ;maior ou igual a 1,3;NÃO;
Anima Holding;SIM;SIM;2021;empréstimo e financiamento;Dívida financeira líquida/EBITDA;menor ou igual a 4,0;NÃO;
Anima Holding;SIM;SIM;2021;empréstimo e financiamento;EBITDA/Despesa financeira líquida ;maior ou igual a 1,3;NÃO;
Anima Holding;SIM;NÃO;2022;;;;NÃO;
Anima Holding;SIM;SIM;2023;empréstimo e financiamento;Dívida financeira líquida/EBITDA;menor ou igual a 3,0;NÃO;
Anima Holding;SIM;SIM;2023;empréstimo e financiamento;EBITDA/Despesa financeira líquida ;maior ou igual a 1,3;NÃO;
Arezzo Industria e Comercio SA;NÃO;NÃO;2010;;;;;
Arezzo Industria e Comercio SA;NÃO;NÃO;2011;;;;;
Arezzo Industria e Comercio SA;NÃO;NÃO;2012;;;;;
Arezzo Industria e Comercio SA;NÃO;NÃO;2013;;;;;
Arezzo Industria e Comercio SA;NÃO;NÃO;2014;;;;;
Arezzo Industria e Comercio SA;NÃO;NÃO;2015;;;;;
Arezzo Industria e Comercio SA;NÃO;NÃO;2016;;;;;
Arezzo Industria e Comercio SA;NÃO;NÃO;2017;;;;;
Arezzo Industria e Comercio SA;NÃO;NÃO;2018;;;;;
Arezzo Industria e Comercio SA;NÃO;NÃO;2019;;;;;
Arezzo Industria e Comercio SA;NÃO;NÃO;2020;;;;;
Arezzo Industria e Comercio SA;NÃO;NÃO;2021;;;;;
Arezzo Industria e Comercio SA;NÃO;NÃO;2022;;;;;
Arezzo Industria e Comercio SA;NÃO;NÃO;2023;;;;;
Armac Locacao Logistica e Servicos SA;NÃO;NÃO;2019;;;;;
Armac Locacao Logistica e Servicos SA;SIM;SIM;2020;empréstimo e financiamento;Dívida financeira líquida/EBITDA;menor ou igual a 3,75;;
Armac Locacao Logistica e Servicos SA;SIM;SIM;2021;empréstimo e financiamento;Dívida financeira líquida/EBITDA;menor ou igual a 3,50;;
Armac Locacao Logistica e Servicos SA;SIM;SIM;2022;empréstimo e financiamento;Dívida financeira líquida/EBITDA;menor ou igual a 3,50;;
Armac Locacao Logistica e Servicos SA;SIM;SIM;2023;empréstimo e financiamento;Dívida financeira líquida/EBITDA;menor ou igual a 3,50;;
Atacadão;NÃO;NÃO;2016;;;;;
Atacadão;NÃO;NÃO;2017;;;;;
Atacadão;NÃO;NÃO;2018;;;;;
Atacadão;NÃO;NÃO;2019;;;;;
Atacadão;NÃO;NÃO;2020;;;;;
Atacadão;NÃO;NÃO;2021;;;;;
Atacadão;NÃO;NÃO;2022;;;;;
Atacadão;NÃO;NÃO;2023;;;;;
ATMA Participacoes SA - em Recuperacao Judicial;NÃO;NÃO;2010;;;;;
ATMA Participacoes SA - em Recuperacao Judicial;SIM;NÃO;2011;;;;;
ATMA Participacoes SA - em Recuperacao Judicial;SIM;NÃO;2012;;;;;
ATMA Participacoes SA - em Recuperacao Judicial;SIM;NÃO;2013;;;;;
ATMA Participacoes SA - em Recuperacao Judicial;SIM;SIM;2014;Debentures;Dívida financeira líquida/EBITDA;menor ou igual a 3,0;NÃO;
ATMA Participacoes SA - em Recuperacao Judicial;SIM;SIM;2014;Debentures;EBITDA/Despesa financeira líquida ;maior ou igual a 1,65;NÃO;
ATMA Participacoes SA - em Recuperacao Judicial;SIM;SIM;2015;Debentures;Dívida financeira líquida/EBITDA;menor ou igual a 3,0;NÃO;
ATMA Participacoes SA - em Recuperacao Judicial;SIM;SIM;2015;Debentures;EBITDA/Despesa financeira líquida ;maior ou igual a 1,65;NÃO;
ATMA Participacoes SA - em Recuperacao Judicial;NÃO;NÃO;2016;;;;NÃO;
ATMA Participacoes SA - em Recuperacao Judicial;SIM;SIM;2017;Debentures;Dívida financeira líquida/EBITDA;menor ou igual a 5,25;NÃO;
ATMA Participacoes SA - em Recuperacao Judicial;SIM;SIM;2017;Debentures;EBITDA/Despesa financeira líquida ;maior ou igual a 1,25;NÃO;
ATMA Participacoes SA - em Recuperacao Judicial;SIM;SIM;2018;Debentures;Dívida financeira líquida/EBITDA;menor ou igual a 9,0;NÃO;
ATMA Participacoes SA - em Recuperacao Judicial;SIM;SIM;2018;Debentures;EBITDA/Despesa financeira líquida ;maior ou igual a 1,0;NÃO;
ATMA Participacoes SA - em Recuperacao Judicial;SIM;SIM;2019;Debentures;Dívida financeira líquida/EBITDA;menor ou igual a 6,5;NÃO;
ATMA Participacoes SA - em Recuperacao Judicial;SIM;SIM;2019;Debentures;EBITDA/Despesa financeira líquida ;maior ou igual a 1,0;NÃO;
ATMA Participacoes SA - em Recuperacao Judicial;SIM;SIM;2020;Debentures;Dívida financeira líquida/EBITDA;menor ou igual a 3,0;NÃO;
ATMA Participacoes SA - em Recuperacao Judicial;SIM;SIM;2020;Debentures;EBITDA/Despesa financeira líquida ;maior ou igual a 2,0;NÃO;
ATMA Participacoes SA - em Recuperacao Judicial;SIM;SIM;2021;Debentures;Dívida financeira líquida/EBITDA;menor ou igual a 3,0;NÃO;
ATMA Participacoes SA - em Recuperacao Judicial;SIM;SIM;2021;Debentures;EBITDA/Despesa financeira líquida ;maior ou igual a 2,0;NÃO;
ATMA Participacoes SA - em Recuperacao Judicial;SIM;SIM;2022;Debentures;Dívida financeira líquida/EBITDA;menor ou igual a 3,0;NÃO;
ATMA Participacoes SA - em Recuperacao Judicial;SIM;SIM;2022;Debentures;EBITDA/Despesa financeira líquida ;maior ou igual a 2,0;NÃO;
ATMA Participacoes SA - em Recuperacao Judicial;SIM;NÃO;2023;;;;NÃO;
Atom;SIM;NÃO;2022;;;;NÃO;
Auren Energia;SIM;NÃO;2021;;;;;
Auren Energia;SIM;NÃO;2022;;;;;
Auren Energia;SIM;NÃO;2023;;;;;
Azevedo & Travassos SA;NÃO;NÃO;2018;;;;;
Azevedo & Travassos SA;NÃO;NÃO;2019;;;;;
Azevedo & Travassos SA;NÃO;NÃO;2020;;;;;
Azevedo & Travassos SA;NÃO;NÃO;2021;;;;;
Azevedo & Travassos SA;NÃO;NÃO;2023;;;;;
Bahema Educacao;NÃO;NÃO;2019;;;;;
Bahema Educacao;NÃO;NÃO;2020;;;;;
Bahema Educacao;SIM;NÃO;2023;;;;NÃO;
Bardella SA Industrias Mecanicas;NÃO;NÃO;2010;;;;;
Bardella SA Industrias Mecanicas;NÃO;NÃO;2011;;;;;
Bardella SA Industrias Mecanicas;NÃO;NÃO;2012;;;;;
Bardella SA Industrias Mecanicas;NÃO;NÃO;2013;;;;;
Bardella SA Industrias Mecanicas;NÃO;NÃO;2014;;;;;
Bardella SA Industrias Mecanicas;SIM;NÃO;2015;;;;NÃO;
Bardella SA Industrias Mecanicas;SIM;NÃO;2016;;;;NÃO;
Bardella SA Industrias Mecanicas;SIM;NÃO;2017;;;;NÃO;
Bardella SA Industrias Mecanicas;SIM;NÃO;2018;;;;NÃO;
Bicicletas Monark;SIM;NÃO;2023;;;;NÃO;
Biomm SA;SIM;NÃO;2023;;;;SIM;
Blau Farmaceutica SA;SIM;SIM;2017;empréstimo e financiamento;Dívida financeira líquida/EBITDA;menor ou igual a 2,5;NÃO;
Blau Farmaceutica SA;SIM;NÃO;2018;;;;NÃO;
Blau Farmaceutica SA;SIM;SIM;2019;Debentures;Dívida financeira líquida/EBITDA;menor ou igual a 2,5;NÃO;
Blau Farmaceutica SA;SIM;SIM;2020;Debentures;Dívida financeira líquida/EBITDA;menor ou igual a 2,5;NÃO;
Blau Farmaceutica SA;SIM;SIM;2021;Debentures;Dívida financeira líquida/EBITDA;menor ou igual a 2,5;NÃO;
Blau Farmaceutica SA;SIM;SIM;2022;Debentures;Dívida financeira líquida/EBITDA;menor ou igual a 2,5;NÃO;
Blau Farmaceutica SA;SIM;SIM;2023;Debentures;Dívida financeira líquida/EBITDA;menor ou igual a 2,5;NÃO;
Boa Safra Sementes;NÃO;NÃO;2022;;;;;
Boa Safra Sementes;SIM;NÃO;2023;;;;NÃO;
Bombril;NÃO;NÃO;2020;;;;;
Bombril;SIM;NÃO;2021;;;;;
Bombril;SIM;NÃO;2022;;;;;
Bombril;SIM;NÃO;2023;;;;;
Bradespar;SIM;NÃO;2022;;;;;
Bradespar;SIM;NÃO;2023;;;;;
BrasilAgro Brazilian Agricultural Real Estate Co;NÃO;NÃO;2012;;;;;
BrasilAgro Brazilian Agricultural Real Estate Co;SIM;NÃO;2013;;;;NÃO;
BrasilAgro Brazilian Agricultural Real Estate Co;SIM;NÃO;2014;;;;NÃO;
BrasilAgro Brazilian Agricultural Real Estate Co;NÃO;NÃO;2015;;;;;
BrasilAgro Brazilian Agricultural Real Estate Co;NÃO;NÃO;2016;;;;;
BrasilAgro Brazilian Agricultural Real Estate Co;NÃO;NÃO;2017;;;;;
BrasilAgro Brazilian Agricultural Real Estate Co;SIM;NÃO;2018;;;;NÃO;
BrasilAgro Brazilian Agricultural Real Estate Co;SIM;NÃO;2019;;;;NÃO;
BrasilAgro Brazilian Agricultural Real Estate Co;SIM;NÃO;2020;;;;NÃO;
BrasilAgro Brazilian Agricultural Real Estate Co;SIM;NÃO;2021;;;;NÃO;
BrasilAgro Brazilian Agricultural Real Estate Co;SIM;NÃO;2022;;;;NÃO;
BrasilAgro Brazilian Agricultural Real Estate Co;SIM;NÃO;2023;;;;NÃO;
Braskem;SIM;SIM;2010;Debentures;Dívida financeira líquida/EBITDA;menor ou igual a 4,5;NÃO;
Braskem;SIM;SIM;2010;empréstimo e financiamento;Dívida financeira líquida/EBITDA;menor ou igual a 4,5;NÃO;
Braskem;SIM;SIM;2010;empréstimo e financiamento;EBITDA/Despesa financeira líquida ;maior ou igual a 1,5;NÃO;
Braskem;SIM;SIM;2011;empréstimo e financiamento;Dívida financeira líquida/EBITDA;menor ou igual a 4,5;NÃO;
Braskem;SIM;SIM;2011;empréstimo e financiamento;EBITDA/Despesa financeira líquida ;maior ou igual a 1,5;NÃO;
Braskem;SIM;NÃO;2012;;;;NÃO;
Braskem;SIM;NÃO;2013;;;;NÃO;
Braskem;SIM;NÃO;2016;;;;NÃO;
Braskem;SIM;NÃO;2017;;;;NÃO;
Braskem;SIM;NÃO;2018;;;;NÃO;
Braskem;SIM;NÃO;2019;;;;NÃO;
Braskem;SIM;NÃO;2020;;;;NÃO;
Braskem;SIM;NÃO;2021;;;;NÃO;
Braskem;SIM;NÃO;2022;;;;NÃO;
Braskem;SIM;NÃO;2023;;;;NÃO;
BRF SA;SIM;SIM;2010;financiamentos  de pré-pagamento de exportação ;Dívida financeira líquida/EBITDA;menor ou igual a 3,5;NÃO;
BRF SA;SIM;SIM;2010;financiamentos  de pré-pagamento de exportação ;Dívida financeira líquida/patrimônio liquido;menor ou igual a 1,5;NÃO;
BRF SA;SIM;SIM;2010;financiamentos  de pré-pagamento de exportação ;Liquidez corrente mínima;maior ou igual a 1,1;NÃO;
BRF SA;NÃO;NÃO;2019;;;;;
BRF SA;NÃO;NÃO;2020;;;;;
BRF SA;NÃO;NÃO;2021;;;;;
BRF SA;NÃO;NÃO;2022;;;;;
BRF SA;NÃO;NÃO;2023;;;;;
Brisanet Participações;SIM;NÃO;2020;;;;;
Brisanet Participações;SIM;SIM;2021;Debentures;Dívida financeira líquida/patrimônio liquido;maior ou igual a 3,0;NÃO;
Brisanet Participações;SIM;SIM;2022;Debentures;Dívida financeira líquida/patrimônio liquido;maior ou igual a 3,0;NÃO;
Brisanet Participações;SIM;SIM;2023;Debentures;Dívida financeira líquida/patrimônio liquido;maior ou igual a 3,0;NÃO;
C&A Modas SA;SIM;SIM;2020;Debentures;Dívida financeira líquida/EBITDA;menor ou igual a 3,0;NÃO;
C&A Modas SA;SIM;SIM;2021;Debentures;Dívida financeira líquida/EBITDA;menor ou igual a 3,0;NÃO;
C&A Modas SA;SIM;SIM;2022;Debentures;Dívida financeira líquida/EBITDA;menor ou igual a 3,0;NÃO;
C&A Modas SA;SIM;SIM;2023;Debentures;Dívida financeira líquida/EBITDA;menor ou igual a 3,0;NÃO;
Camil Alimentos;SIM;SIM;2016;Debentures;Dívida financeira líquida/EBITDA;menor ou igual a 3,0;NÃO;
Camil Alimentos;SIM;SIM;2016;Debentures;Ativo circulante/passivo circulante;maior ou igual a 1,0;NÃO;
Camil Alimentos;SIM;SIM;2017;Debentures;Dívida financeira líquida/EBITDA;menor ou igual a 3,5;NÃO;
Camil Alimentos;SIM;SIM;2018;Debentures;Dívida financeira líquida/EBITDA;menor ou igual a 3,5;NÃO;
Camil Alimentos;SIM;SIM;2019;Debentures;Dívida financeira líquida/EBITDA;menor ou igual a 3,5;NÃO;
Camil Alimentos;SIM;SIM;2020;Debentures;Dívida financeira líquida/EBITDA;menor ou igual a 3,5;NÃO;
Camil Alimentos;SIM;SIM;2021;Debentures;Dívida financeira líquida/EBITDA;menor ou igual a 3,5;NÃO;
Camil Alimentos;SIM;SIM;2022;Debentures;Dívida financeira líquida/EBITDA;menor ou igual a 3,5;NÃO;
Camil Alimentos;SIM;SIM;2023;Debentures;Dívida financeira líquida/EBITDA;menor ou igual a 3,5;NÃO;
CCR SA;SIM;SIM;2010;empréstimo e financiamento;Dívida financeira líquida/EBITDA;menor ou igual a 2,5;NÃO;
CCR SA;SIM;SIM;2010;empréstimo e financiamento;EBITDA/Despesa financeira líquida ;maior ou igual a 1,0;NÃO;
CCR SA;SIM;SIM;2011;empréstimo e financiamento;Dívida financeira líquida/EBITDA;menor ou igual a 2,3;NÃO;
CCR SA;SIM;SIM;2011;empréstimo e financiamento;EBITDA/Despesa financeira líquida ;maior ou igual a 1,0;NÃO;
CCR SA;SIM;NÃO;2012;;;;NÃO;
CCR SA;SIM;NÃO;2013;;;;NÃO;
CCR SA;SIM;NÃO;2014;;;;NÃO;
CCR SA;SIM;NÃO;2015;;;;NÃO;
CCR SA;SIM;NÃO;2016;;;;NÃO;
CCR SA;SIM;NÃO;2017;;;;NÃO;
CCR SA;SIM;NÃO;2018;;;;NÃO;
CCR SA;SIM;NÃO;2019;;;;NÃO;
CCR SA;SIM;NÃO;2020;;;;NÃO;
CCR SA;SIM;NÃO;2021;;;;NÃO;
CCR SA;SIM;NÃO;2022;;;;NÃO;
CCR SA;SIM;NÃO;2023;;;;NÃO;
Centrais Eletricas Brasileiras;SIM;NÃO;2019;;;;NÃO;
Centrais Eletricas Brasileiras;SIM;NÃO;2020;;;;NÃO;
Centrais Eletricas Brasileiras;SIM;SIM;2021;" empréstimo e financiamento
";Dívida financeira líquida/EBITDA;maior ou igual a 1,2;NÃO;
Centrais Eletricas Brasileiras;SIM;NÃO;2022;;;;NÃO;
Centrais Eletricas Brasileiras;SIM;NÃO;2023;;;;NÃO;
Centrais Eletricas de Santa Catarina SA Celesc;SIM;SIM;2013;Debentures;Dívida financeira líquida/EBITDA;menor ou igual a 2,0;NÃO;
Centrais Eletricas de Santa Catarina SA Celesc;SIM;SIM;2014;Debentures;Dívida financeira líquida/EBITDA;menor ou igual a 2,0;NÃO;
Centrais Eletricas de Santa Catarina SA Celesc;SIM;SIM;2015;Debentures;Dívida financeira líquida/EBITDA;menor ou igual a 2,0;NÃO;
Centrais Eletricas de Santa Catarina SA Celesc;SIM;SIM;2016;Debentures;Dívida financeira líquida/EBITDA;menor ou igual a 2,5;NÃO;
Centrais Eletricas de Santa Catarina SA Celesc;SIM;NÃO;2017;;;;NÃO;
Centrais Eletricas de Santa Catarina SA Celesc;SIM;SIM;2018;Debentures;Dívida financeira líquida/EBITDA;menor ou igual a 2,5;NÃO;
Centrais Eletricas de Santa Catarina SA Celesc;SIM;SIM;2019;Debentures;Dívida financeira líquida/EBITDA;menor ou igual a 2,5;NÃO;
Centrais Eletricas de Santa Catarina SA Celesc;SIM;SIM;2020;Debentures;Dívida financeira líquida/EBITDA;menor ou igual a 3,5;NÃO;
Centrais Eletricas de Santa Catarina SA Celesc;SIM;SIM;2021;Debentures;Dívida financeira líquida/EBITDA;menor ou igual a 3,5;NÃO;
Centrais Eletricas de Santa Catarina SA Celesc;SIM;SIM;2022;Debentures;Dívida financeira líquida/EBITDA;menor ou igual a 3,5;NÃO;
Centrais Eletricas de Santa Catarina SA Celesc;SIM;SIM;2022;Debentures;Dívida financeira líquida/EBITDA;menor ou igual a 3,5;NÃO;
CIA FIAÇÃO TECIDOS CEDRO CACHOEIRA;SIM;NÃO;2013;empréstimo e financiamento;;;NÃO;
CIA FIAÇÃO TECIDOS CEDRO CACHOEIRA;SIM;NÃO;2014;empréstimo e financiamento;;;NÃO;
CIA FIAÇÃO TECIDOS CEDRO CACHOEIRA;SIM;NÃO;2015;empréstimo e financiamento;;;NÃO;
CIA FIAÇÃO TECIDOS CEDRO CACHOEIRA;SIM;SIM;2016;empréstimo e financiamento;Dívida financeira líquida/EBITDA;menor ou igual a 6,53;NÃO;
CIA FIAÇÃO TECIDOS CEDRO CACHOEIRA;SIM;SIM;2017;empréstimo e financiamento;Dívida financeira líquida/EBITDA;menor ou igual a 6,53;NÃO;
CIA FIAÇÃO TECIDOS CEDRO CACHOEIRA;SIM;NÃO;2018;empréstimo e financiamento;;;NÃO;
CIA FIAÇÃO TECIDOS CEDRO CACHOEIRA;SIM;NÃO;2019;empréstimo e financiamento;;;NÃO;
CIA FIAÇÃO TECIDOS CEDRO CACHOEIRA;SIM;NÃO;2020;empréstimo e financiamento;;;NÃO;
CIA FIAÇÃO TECIDOS CEDRO CACHOEIRA;SIM;NÃO;2021;empréstimo e financiamento;;;NÃO;
CIA FIAÇÃO TECIDOS CEDRO CACHOEIRA;SIM;NÃO;2022;empréstimo e financiamento;;;NÃO;
CIA FIAÇÃO TECIDOS CEDRO CACHOEIRA;SIM;SIM;2023;empréstimo e financiamento;Dívida financeira líquida/EBITDA;menor ou igual a 3,5;NÃO;
Cia melhoramento;SIM;NÃO;2023;;;;NÃO;
CIA SANEAMENTO BASICO EST SAO PAULO;SIM;SIM;2010;Debentures;EBITDA/Despesa financeira líquida ;maior ou igual a 1,5;NÃO;
CIA SANEAMENTO BASICO EST SAO PAULO;SIM;SIM;2010;Debentures;Liquidez corrente mínima;maior ou igual a 1,0;NÃO;
CIA SANEAMENTO BASICO EST SAO PAULO;SIM;SIM;2011;Debentures;EBITDA/Despesa financeira líquida ;maior ou igual a 2,35;NÃO;
CIA SANEAMENTO BASICO EST SAO PAULO;SIM;SIM;2011;Debentures;Dívida financeira líquida/EBITDA;menor ou igual a 3,65;NÃO;
CIA SANEAMENTO BASICO EST SAO PAULO;SIM;SIM;2011;Debentures;Liquidez corrente mínima;maior ou igual a 1,0;NÃO;
CIA SANEAMENTO BASICO EST SAO PAULO;SIM;SIM;2012;Debentures;EBITDA/Despesa financeira líquida ;maior ou igual a 2,35;NÃO;
CIA SANEAMENTO BASICO EST SAO PAULO;SIM;SIM;2012;Debentures;Dívida financeira líquida/EBITDA;menor ou igual a 3,65;NÃO;
CIA SANEAMENTO BASICO EST SAO PAULO;SIM;SIM;2012;Debentures;Liquidez corrente mínima;maior ou igual a 1,0;NÃO;
CIA SANEAMENTO BASICO EST SAO PAULO;SIM;SIM;2013;Debentures;EBITDA/Despesa financeira líquida ;maior ou igual a 2,35;NÃO;
CIA SANEAMENTO BASICO EST SAO PAULO;SIM;SIM;2013;Debentures;Dívida financeira líquida/EBITDA;menor ou igual a 3,65;NÃO;
CIA SANEAMENTO BASICO EST SAO PAULO;SIM;SIM;2013;Debentures;Liquidez corrente mínima;maior ou igual a 1,0;NÃO;
CIA SANEAMENTO BASICO EST SAO PAULO;SIM;SIM;2014;Debentures;EBITDA/Despesa financeira líquida ;maior ou igual a 3,5;NÃO;
CIA SANEAMENTO BASICO EST SAO PAULO;SIM;SIM;2014;Debentures;Dívida financeira líquida/EBITDA;menor ou igual a 3,0;NÃO;
CIA SANEAMENTO BASICO EST SAO PAULO;SIM;SIM;2014;Debentures;Liquidez corrente mínima;maior ou igual a 1,0;NÃO;
CIA SANEAMENTO BASICO EST SAO PAULO;SIM;SIM;2015;Debentures;EBITDA/Despesa financeira líquida ;maior ou igual a 3,5;NÃO;
CIA SANEAMENTO BASICO EST SAO PAULO;SIM;SIM;2015;Debentures;Dívida financeira líquida/EBITDA;menor ou igual a 3,0;NÃO;
CIA SANEAMENTO BASICO EST SAO PAULO;SIM;SIM;2015;Debentures;Liquidez corrente mínima;maior ou igual a 1,0;NÃO;
CIA SANEAMENTO BASICO EST SAO PAULO;SIM;SIM;2016;Debentures;EBITDA/Despesa financeira líquida ;maior ou igual a 3,5;NÃO;
CIA SANEAMENTO BASICO EST SAO PAULO;SIM;SIM;2016;Debentures;Dívida financeira líquida/EBITDA;menor ou igual a 3,0;NÃO;
CIA SANEAMENTO BASICO EST SAO PAULO;SIM;SIM;2016;Debentures;Liquidez corrente mínima;maior ou igual a 1,0;NÃO;
CIA SANEAMENTO BASICO EST SAO PAULO;SIM;SIM;2017;Debentures;EBITDA/Despesa financeira líquida ;maior ou igual a 3,5;NÃO;
CIA SANEAMENTO BASICO EST SAO PAULO;SIM;SIM;2017;Debentures;Dívida financeira líquida/EBITDA;menor ou igual a 3,0;NÃO;
CIA SANEAMENTO BASICO EST SAO PAULO;SIM;SIM;2017;Debentures;Liquidez corrente mínima;maior ou igual a 1,0;NÃO;
CIA SANEAMENTO BASICO EST SAO PAULO;SIM;SIM;2018;Debentures;EBITDA/Despesa financeira líquida ;maior ou igual a 3,5;NÃO;
CIA SANEAMENTO BASICO EST SAO PAULO;SIM;SIM;2018;Debentures;Dívida financeira líquida/EBITDA;menor ou igual a 3,0;NÃO;
CIA SANEAMENTO BASICO EST SAO PAULO;SIM;SIM;2018;Debentures;Liquidez corrente mínima;maior ou igual a 1,0;NÃO;
CIA SANEAMENTO BASICO EST SAO PAULO;SIM;SIM;2019;Debentures;EBITDA/Despesa financeira líquida ;maior ou igual a 3,5;NÃO;
CIA SANEAMENTO BASICO EST SAO PAULO;SIM;SIM;2019;Debentures;Dívida financeira líquida/EBITDA;menor ou igual a 3,0;NÃO;
CIA SANEAMENTO BASICO EST SAO PAULO;SIM;SIM;2019;Debentures;Liquidez corrente mínima;maior ou igual a 1,0;NÃO;
CIA SANEAMENTO BASICO EST SAO PAULO;SIM;SIM;2020;Debentures;EBITDA/Despesa financeira líquida ;maior ou igual a 3,5;NÃO;
CIA SANEAMENTO BASICO EST SAO PAULO;SIM;SIM;2020;Debentures;Dívida financeira líquida/EBITDA;menor ou igual a 3,0;NÃO;
CIA SANEAMENTO BASICO EST SAO PAULO;SIM;SIM;2020;Debentures;Liquidez corrente mínima;maior ou igual a 1,0;NÃO;
CIA SANEAMENTO BASICO EST SAO PAULO;SIM;SIM;2021;Debentures;EBITDA/Despesa financeira líquida ;maior ou igual a 1,5;NÃO;
CIA SANEAMENTO BASICO EST SAO PAULO;SIM;SIM;2021;Debentures;Dívida financeira líquida/EBITDA;menor ou igual a 3,5;NÃO;
CIA SANEAMENTO BASICO EST SAO PAULO;SIM;SIM;2021;Debentures;Liquidez corrente mínima;maior ou igual a 1,0;NÃO;
CIA SANEAMENTO BASICO EST SAO PAULO;SIM;SIM;2022;Debentures;EBITDA/Despesa financeira líquida ;maior ou igual a 1,5;NÃO;
CIA SANEAMENTO BASICO EST SAO PAULO;SIM;SIM;2022;Debentures;Dívida financeira líquida/EBITDA;menor ou igual a 3,5;NÃO;
CIA SANEAMENTO BASICO EST SAO PAULO;SIM;SIM;2022;Debentures;Liquidez corrente mínima;maior ou igual a 1,0;NÃO;
CIA SANEAMENTO BASICO EST SAO PAULO;SIM;SIM;2023;Debentures;EBITDA/Despesa financeira líquida ;maior ou igual a 2,35;NÃO;
CIA SANEAMENTO BASICO EST SAO PAULO;SIM;SIM;2023;Debentures;Dívida financeira líquida/EBITDA;menor ou igual a 3,5;NÃO;
CIA SANEAMENTO BASICO EST SAO PAULO;SIM;SIM;2023;Debentures;Liquidez corrente mínima;maior ou igual a 1,0;NÃO;
"CIELO SA Instituicao de Pagamento
";NÃO;NÃO;2011;;;;;
"CIELO SA Instituicao de Pagamento
";NÃO;NÃO;2012;;;;;
"CIELO SA Instituicao de Pagamento
";NÃO;NÃO;2013;;;;;
"CIELO SA Instituicao de Pagamento
";NÃO;NÃO;2014;;;;;
"CIELO SA Instituicao de Pagamento
";SIM;SIM;2015;Debentures;Dívida financeira líquida/EBITDA;menor ou igual a 3,0;NÃO;
"CIELO SA Instituicao de Pagamento
";SIM;SIM;2016;Debentures;Dívida financeira líquida/EBITDA;menor ou igual a 3,0;NÃO;
"CIELO SA Instituicao de Pagamento
";SIM;SIM;2017;Debentures;Dívida financeira líquida/EBITDA;menor ou igual a 3,0;NÃO;
"CIELO SA Instituicao de Pagamento
";SIM;SIM;2018;Debentures;Dívida financeira líquida/EBITDA;menor ou igual a 3,0;NÃO;
"CIELO SA Instituicao de Pagamento
";SIM;SIM;2019;Debentures;Dívida financeira líquida/EBITDA;menor ou igual a 3,0;NÃO;
"CIELO SA Instituicao de Pagamento
";SIM;SIM;2020;Debentures;Dívida financeira líquida/EBITDA;menor ou igual a 3,0;NÃO;
"CIELO SA Instituicao de Pagamento
";NÃO;NÃO;2021;;;;;
"CIELO SA Instituicao de Pagamento
";NÃO;NÃO;2022;;;;;
"CIELO SA Instituicao de Pagamento
";NÃO;NÃO;2023;;;;;
Clear Sale SA;SIM;SIM;2020;empréstimo e financiamento;Dívida financeira líquida/EBITDA;menor ou igual a 1;NÃO;
Clear Sale SA;SIM;SIM;2021;empréstimo e financiamento;Dívida financeira líquida/EBITDA;menor ou igual a 1;NÃO;
Clear Sale SA;SIM;SIM;2022;empréstimo e financiamento;Dívida financeira líquida/EBITDA;menor ou igual a 1;NÃO;
Clear Sale SA;SIM;SIM;2023;empréstimo e financiamento;Dívida financeira líquida/EBITDA;menor ou igual a 1;NÃO;
CM Hospitalar SA;SIM;SIM;2020;empréstimo e financiamento;Dívida financeira líquida/EBITDA;menor ou igual a 2;NÃO;
CM Hospitalar SA;SIM;SIM;2020;Debentures;Dívida financeira líquida/EBITDA;menor ou igual a 3,5;NÃO;
CM Hospitalar SA;SIM;SIM;2021;empréstimo e financiamento;Dívida financeira líquida/EBITDA;menor ou igual a 2;NÃO;
CM Hospitalar SA;SIM;SIM;2021;Debentures;Dívida financeira líquida/EBITDA;menor ou igual a 3,5;NÃO;
CM Hospitalar SA;SIM;SIM;2022;empréstimo e financiamento;Dívida financeira líquida/EBITDA;menor ou igual a 2;NÃO;
CM Hospitalar SA;SIM;SIM;2022;Debentures;Dívida financeira líquida/EBITDA;menor ou igual a 3,5;NÃO;
CM Hospitalar SA;SIM;SIM;2023;empréstimo e financiamento;Dívida financeira líquida/EBITDA;menor ou igual a 2;NÃO;
CM Hospitalar SA;SIM;SIM;2023;Debentures;Dívida financeira líquida/EBITDA;menor ou igual a 3,5;NÃO;
Cogna Educação;SIM;SIM;2011;Debentures;Dívida financeira líquida/EBITDA;menor ou igual a 4;NÃO;
Cogna Educação;SIM;SIM;2011;Debentures;EBITDA/Resultado Finaneiro;maior ou igual a 1,2;NÃO;
Cogna Educação;SIM;SIM;2012;empréstimo e financiamento;Dívida financeira líquida/EBITDA;menor ou igual a 4;NÃO;
Cogna Educação;SIM;SIM;2012;empréstimo e financiamento;EBITDA/Despesa financeira líquida ;maior ou igual a 1,2;NÃO;
Cogna Educação;SIM;SIM;2013;empréstimo e financiamento;Dívida financeira líquida/EBITDA;menor ou igual a 4;NÃO;
Cogna Educação;SIM;SIM;2013;empréstimo e financiamento;EBITDA/Despesa financeira líquida ;maior ou igual a 1,2;NÃO;
Cogna Educação;SIM;SIM;2014;empréstimo e financiamento;Dívida financeira líquida/EBITDA;menor ou igual a 4;NÃO;
Cogna Educação;SIM;SIM;2014;empréstimo e financiamento;EBITDA/Despesa financeira líquida ;maior ou igual a 1,2;NÃO;
Cogna Educação;SIM;SIM;2015;empréstimo e financiamento;Dívida financeira líquida/EBITDA;menor ou igual a 3,5;NÃO;
Cogna Educação;SIM;SIM;2015;empréstimo e financiamento;EBITDA/Despesa financeira líquida ;maior ou igual a 1,2;NÃO;
Cogna Educação;SIM;SIM;2016;empréstimo e financiamento;Dívida financeira líquida/EBITDA;menor ou igual a 3,0;NÃO;
Cogna Educação;SIM;SIM;2016;empréstimo e financiamento;EBITDA/Despesa financeira líquida ;maior ou igual a 1,2;NÃO;
Cogna Educação;SIM;SIM;2017;empréstimo e financiamento;Dívida financeira líquida/EBITDA;menor ou igual a 3,5;NÃO;
Cogna Educação;SIM;SIM;2017;empréstimo e financiamento;EBITDA/Despesa financeira líquida ;maior ou igual a 1,2;NÃO;
Cogna Educação;SIM;SIM;2018;empréstimo e financiamento;Dívida financeira líquida/EBITDA;menor ou igual a 3,5;NÃO;
Cogna Educação;SIM;SIM;2018;empréstimo e financiamento;EBITDA/Despesa financeira líquida ;maior ou igual a 1,2;NÃO;
Cogna Educação;SIM;SIM;2019;empréstimo e financiamento;Dívida financeira líquida/EBITDA;menor ou igual a 3,0;NÃO;
Cogna Educação;SIM;SIM;2020;empréstimo e financiamento;Dívida financeira líquida/EBITDA;menor ou igual a 3,0;NÃO;
Cogna Educação;SIM;SIM;2021;empréstimo e financiamento;Dívida financeira líquida/EBITDA;menor ou igual a 3,0;NÃO;
Cogna Educação;SIM;SIM;2022;empréstimo e financiamento;Dívida financeira líquida/EBITDA;menor ou igual a 3,0;NÃO;
Cogna Educação;SIM;SIM;2023;empréstimo e financiamento;Dívida financeira líquida/EBITDA;menor ou igual a 3,0;NÃO;
